{
  "accuracy": 0.9802749551703527,
  "precision_weighted": 0.9805994942079762,
  "recall_weighted": 0.9802749551703527,
  "f1_weighted": 0.9804028060848752,
  "calibrated": true,
  "random_state": 42,
  "test_size": 0.3,
  "max_features": 20000
}