{
  "accuracy": 0.9829596412556054,
  "precision_weighted": 0.9832764035822323,
  "recall_weighted": 0.9829596412556054,
  "f1_weighted": 0.9830781309076102,
  "calibrated": true,
  "random_state": 42,
  "test_size": 0.2,
  "max_features": 20000
}